<entities>
  <ent>
    <type>ship</type>
    <name>Ship1</name>
    <relations></relations>
    <dependencies></dependencies>
    <information></information>
    <requests></requests>
  </ent>
  <ent>
    <type>ship</type>
    <name>Ship2</name>
    <relations></relations>
    <dependencies></dependencies>
    <information></information>
    <requests></requests>
  </ent>
  <ent>
    <type>service</type>
    <name>Service1</name>
    <relations></relations>
    <dependencies></dependencies>
    <information></information>
    <requests></requests>
  </ent>
  <ent>
    <type>service</type>
    <name>Service2</name>
    <relations></relations>
    <dependencies></dependencies>
    <information></information>
    <requests></requests>
  </ent>
  <ent>
    <type>company</type>
    <name>Company1</name>
    <relations></relations>
    <dependencies></dependencies>
    <information></information>
    <requests></requests>
  </ent>
  <ent>
    <type>company</type>
    <name>Company2</name>
    <relations></relations>
    <dependencies></dependencies>
    <information></information>
    <requests></requests>
  </ent>
</entities>