<entities>
  <ent>
    <type>ship</type>
    <name>Ship</name>
    <relations>
      <relation>Service</relation>
    </relations>
    <dependencies>
      <dependency>
        <to>Service</to>
        <constraint>fun psswd</constraint>
      </dependency>
      <dependency>
        <to>Service</to>
        <constraint>fun user</constraint>
      </dependency>
    </dependencies>
    <information></information>
    <requests>
      <request>
        <to>Service</to>
        <data>map</data>
        <answers>
          <answer>anton</answer>
          <answer>1234</answer>
        </answers>
      </request>
    </requests>
  </ent>
  <ent>
      <type>service</type>
      <name>Service</name>
      <relations>
        <relation>Company</relation>
        <relation>Ship</relation>
      </relations>
      <dependencies></dependencies>
      <information></information>
      <requests></requests>
  </ent>
  <ent> 
      <type>company</type>
      <name>Company</name>
      <relations>
          <relation>Service</relation>
      </relations>
      <dependencies> </dependencies>
      <information>
          <info>map</info>
      </information>
      <requests></requests>
  </ent>
</entities>